{
  "model_name": "KNN",
  "cv_f1_mean": 0.9519147704101847,
  "cv_f1_std": 0.025974957814307642,
  "test_f1": 0.9705882352941176,
  "cv_scores": [
    0.967741935483871,
    0.9483568075117371,
    0.9488372093023256,
    0.9082125603864735,
    0.9864253393665159
  ],
  "training_samples": 3360,
  "test_samples": 840,
  "class_distribution": {
    "Normal": 3500,
    "TB": 700
  }
}